City_ID,City,Country,Lat,Lng,Max Temp,Humidity,Cloudiness,Wind Speed,Current Description
0,Nikolskoye,RU,59.7035,30.7861,10.99,78,40,4.47,light snow
1,Nongan,CN,44.382,125.1685,35.6,51,0,13.42,clear sky
2,Esperance,AU,-33.8667,121.9,66.2,88,75,9.22,broken clouds
3,Jamestown,US,42.097,-79.2353,45.0,49,40,12.03,scattered clouds
4,Hermanus,ZA,-34.4187,19.2345,59.0,70,75,3.0,broken clouds
5,Atuona,PF,-9.8,-139.0333,79.29,74,65,14.38,broken clouds
6,Okha,RU,53.5739,142.9478,13.87,94,72,5.5,broken clouds
7,Eureka,US,40.8021,-124.1637,48.99,77,94,1.01,overcast clouds
8,Asau,RO,46.4333,26.4,28.99,65,93,2.51,light snow
9,Akyab,MM,20.15,92.9,69.1,90,3,5.91,clear sky
10,Saint-Philippe,RE,-21.3585,55.7679,77.0,69,0,8.05,clear sky
11,Kavaratti,IN,10.5669,72.642,82.45,72,36,7.38,scattered clouds
12,Butaritari,KI,3.0707,172.7902,80.28,81,100,10.36,overcast clouds
13,Mahebourg,MU,-20.4081,57.7,77.0,88,40,3.44,scattered clouds
14,Sivas,TR,39.7916,37.0019,19.4,79,0,8.05,clear sky
15,Hobart,AU,-42.8794,147.3294,64.0,48,75,16.11,broken clouds
16,Pangai,TO,-19.8,-174.35,82.4,69,20,8.05,few clouds
17,Smithers,CA,54.7804,-127.1743,39.2,45,40,0.51,scattered clouds
18,Pershotravneve,UA,51.3929,28.8684,23.0,96,9,5.84,clear sky
19,Ridgecrest,US,35.6225,-117.6709,64.99,20,20,29.93,haze
20,Yellowknife,CA,62.456,-114.3525,0.0,55,20,11.5,few clouds
21,Marsabit,KE,2.3284,37.9899,68.94,54,1,5.32,clear sky
22,Tasiilaq,GL,65.6145,-37.6368,21.2,79,90,25.32,light snow
23,Rikitea,PF,-23.1203,-134.9692,80.94,80,100,9.44,light rain
24,Puerto Ayora,EC,-0.7393,-90.3518,81.0,85,79,8.99,broken clouds
25,Ushuaia,AR,-54.8,-68.3,59.0,47,40,12.66,light rain
26,Lipin Bor,RU,60.2622,37.9763,-13.4,90,61,6.4,broken clouds
27,Satwas,IN,22.5333,76.6833,70.52,24,0,3.51,clear sky
28,Sibolga,ID,1.7427,98.7792,74.41,74,89,2.59,overcast clouds
29,Vaini,TO,-21.2,-175.2,82.4,51,20,13.8,few clouds
30,Bredasdorp,ZA,-34.5322,20.0403,51.8,87,83,5.75,broken clouds
31,Yei,SS,4.095,30.6779,69.26,58,8,3.2,clear sky
32,Kahului,US,20.8947,-156.47,69.8,88,90,19.57,heavy intensity rain
33,Teguldet,RU,57.3064,88.1667,13.03,95,99,10.07,overcast clouds
34,Union City,US,37.5958,-122.0192,59.0,47,40,12.66,scattered clouds
35,Kapaa,US,22.0752,-159.319,73.99,88,40,18.41,light rain
36,Luba,GQ,3.4568,8.5547,81.61,80,67,8.25,broken clouds
37,Uvat,RU,59.1433,68.8953,8.85,95,98,7.38,light snow
38,Opuwo,NA,-18.0607,13.84,66.33,40,34,2.84,scattered clouds
39,Bathsheba,BB,13.2167,-59.5167,78.8,61,40,18.41,scattered clouds
40,Tuktoyaktuk,CA,69.4541,-133.0374,-18.4,76,1,5.75,clear sky
41,Hare Bay,CA,48.8499,-54.0148,26.6,68,86,3.44,overcast clouds
42,Mufumbwe,ZM,-13.6833,24.8,62.08,97,98,0.6,overcast clouds
43,Singapore,SG,1.2897,103.8501,78.8,78,75,8.05,broken clouds
44,Pasighat,IN,28.0667,95.3333,63.7,54,9,2.82,clear sky
45,Thompson,CA,55.7435,-97.8558,30.2,55,20,9.22,few clouds
46,Bangolo,CI,7.0069,-7.475,73.38,95,100,3.44,light rain
47,New Norfolk,AU,-42.7826,147.0587,64.0,65,63,3.0,broken clouds
48,Busselton,AU,-33.65,115.3333,68.0,81,3,7.0,clear sky
49,Punta Arenas,CL,-53.15,-70.9167,59.0,62,75,18.41,broken clouds
50,Pacific Grove,US,36.6177,-121.9166,57.2,47,1,13.8,clear sky
51,Zajecar,RS,43.9036,22.2641,36.0,40,1,2.86,clear sky
52,Nara,JP,34.6851,135.8049,43.0,81,75,1.14,broken clouds
53,Porto Novo,BJ,6.4965,2.6036,84.2,84,20,16.11,few clouds
54,Kruisfontein,ZA,-34.0033,24.7314,57.99,88,100,1.99,overcast clouds
55,Ribeira Grande,PT,38.5167,-28.7,60.42,90,26,3.76,scattered clouds
56,Qaanaaq,GL,77.484,-69.3632,-7.62,65,72,6.85,broken clouds
57,Port Alfred,ZA,-33.5906,26.891,62.01,82,100,1.99,overcast clouds
58,Cabo San Lucas,MX,22.8909,-109.9124,77.0,36,40,13.8,scattered clouds
59,Pevek,RU,69.7008,170.3133,-13.97,88,100,13.0,overcast clouds
60,Pisco,PE,-13.7,-76.2167,73.4,73,0,10.36,clear sky
61,Norman Wells,CA,65.282,-126.8329,1.4,60,40,3.44,scattered clouds
62,Mar Del Plata,AR,-38.0023,-57.5575,62.01,63,40,12.66,scattered clouds
63,Ponta Do Sol,PT,32.6667,-17.1,60.8,67,40,9.22,scattered clouds
64,Padang,ID,-0.9492,100.3543,75.2,94,20,3.44,few clouds
65,Ostrovnoy,RU,68.0531,39.5131,-2.47,91,99,12.73,overcast clouds
66,Avarua,CK,-21.2078,-159.775,82.4,78,20,8.05,few clouds
67,Faanui,PF,-16.4833,-151.75,82.76,73,100,19.82,overcast clouds
68,Chokurdakh,RU,70.6333,147.9167,-17.81,86,98,16.17,overcast clouds
69,Aquiraz,BR,-3.9014,-38.3911,82.0,83,0,5.75,clear sky
70,Emba,KZ,48.8264,58.1442,12.99,90,33,10.98,scattered clouds
71,Belmonte,BR,-15.8631,-38.8828,78.8,78,20,10.36,few clouds
72,Mataura,NZ,-46.1927,168.8643,64.0,64,72,5.01,broken clouds
73,Kontagora,NG,10.3999,5.4695,79.63,17,82,1.05,broken clouds
74,La Roche-Sur-Yon,FR,46.6667,-1.4333,32.0,86,0,6.91,clear sky
75,Lebu,CL,-37.6167,-73.65,57.65,80,30,12.33,scattered clouds
76,Husavik,IS,66.0449,-17.3389,33.8,75,0,6.91,light snow
77,Salalah,OM,17.0151,54.0924,73.4,40,0,3.44,clear sky
78,Albany,US,42.6001,-73.9662,34.0,34,90,4.61,overcast clouds
79,Luganville,VU,-15.5333,167.1667,81.45,82,100,7.87,overcast clouds
80,Cape Town,ZA,-33.9258,18.4232,59.0,67,0,5.75,clear sky
81,Tura,IN,25.5198,90.2201,65.43,55,0,3.33,clear sky
82,Naliya,IN,23.2667,68.8333,71.01,93,0,7.0,clear sky
83,Carnarvon,AU,-24.8667,113.6333,78.8,100,46,10.36,scattered clouds
84,Oktyabrskoye,RU,43.0645,44.7417,28.4,93,59,2.24,broken clouds
85,Cidreira,BR,-30.1811,-50.2056,74.03,83,5,7.29,clear sky
86,Bluff,NZ,-46.6,168.3333,64.0,64,62,5.01,broken clouds
87,Bethel,US,41.3712,-73.414,34.0,51,20,3.15,few clouds
88,Lagoa,PT,39.05,-27.9833,58.96,93,37,5.64,scattered clouds
89,Santiago Del Estero,AR,-27.7951,-64.2615,82.18,34,0,7.23,clear sky
90,Kaitangata,NZ,-46.2817,169.8464,69.01,47,41,5.99,scattered clouds
91,Antofagasta,CL,-23.65,-70.4,68.0,73,20,5.75,few clouds
92,Mitsamiouli,KM,-11.3847,43.2844,81.18,76,92,7.56,overcast clouds
93,Una,IN,20.8167,71.0333,74.64,41,0,3.71,clear sky
94,Broome,US,42.2506,-75.833,34.0,37,75,6.91,broken clouds
95,Weyburn,CA,49.6668,-103.8511,48.2,31,98,2.3,overcast clouds
96,Bolobo,CD,-2.1667,16.2333,72.86,86,26,2.62,scattered clouds
97,Narsaq,GL,60.9167,-46.05,28.4,69,75,2.24,broken clouds
98,San Cristobal,VE,7.7669,-72.225,82.4,69,40,4.61,scattered clouds
99,Beringovskiy,RU,63.05,179.3167,-12.66,86,88,2.55,overcast clouds
100,Bambous Virieux,MU,-20.3428,57.7575,77.0,88,40,3.44,scattered clouds
101,Pervomayskiy,RU,53.2485,40.2871,6.62,95,32,5.03,scattered clouds
102,Flin Flon,CA,54.7682,-101.865,35.6,51,20,13.8,few clouds
103,Faya,SA,18.3851,42.4509,60.8,77,0,1.25,clear sky
104,Barrow,US,71.2906,-156.7887,14.0,79,90,26.46,snow
105,Prieska,ZA,-29.6641,22.7474,62.85,29,21,3.15,few clouds
106,Saldanha,ZA,-33.0117,17.9442,53.6,62,100,1.14,overcast clouds
107,San Lorenzo,PY,-25.3333,-57.5333,82.4,54,0,4.61,clear sky
108,Haines Junction,CA,60.7522,-137.5108,23.0,39,0,3.44,clear sky
109,Sitka,US,57.0531,-135.33,39.2,56,40,4.61,scattered clouds
110,Amahai,ID,-3.3333,128.9167,82.04,70,49,3.33,scattered clouds
111,Coolum Beach,AU,-26.5333,153.1,82.0,69,5,3.0,clear sky
112,Tiksi,RU,71.6872,128.8694,-20.56,86,100,8.32,overcast clouds
113,Daru,PG,-9.0763,143.2092,84.22,71,27,7.83,scattered clouds
114,Morden,CA,49.1919,-98.1014,55.4,44,100,8.05,overcast clouds
115,Namatanai,PG,-3.6667,152.4333,83.7,69,75,7.25,broken clouds
116,Lodja,CD,-3.4833,23.4333,66.78,96,87,2.15,overcast clouds
117,Oussouye,SN,12.485,-16.5469,75.2,88,0,11.5,clear sky
118,Uppsala,SE,60.0,17.75,28.0,59,100,10.36,overcast clouds
119,Carutapera,BR,-1.195,-46.02,75.85,95,100,8.28,moderate rain
120,Den Helder,NL,52.9599,4.7593,42.8,93,75,13.8,broken clouds
121,Gizo,SB,-8.103,156.8419,84.42,69,46,5.55,scattered clouds
122,Dingle,PH,10.9995,122.6711,79.3,79,0,10.76,light rain
123,Ambon,ID,-3.6954,128.1814,84.2,70,20,2.3,few clouds
124,Katsuura,JP,35.1333,140.3,48.99,76,75,10.36,broken clouds
125,Chuy,UY,-33.6971,-53.4616,68.68,86,100,8.66,overcast clouds
126,Castlegar,CA,49.2998,-117.6689,50.0,32,98,5.75,overcast clouds
127,Khatanga,RU,71.9667,102.5,-27.27,86,94,1.88,overcast clouds
128,Vardo,NO,70.3705,31.1107,20.77,90,77,6.44,broken clouds
129,San Fernando,PH,15.0286,120.6898,78.8,69,75,4.61,broken clouds
130,Castro,BR,-24.7911,-50.0119,62.85,90,10,1.23,clear sky
131,Hilo,US,19.7297,-155.09,73.4,83,90,3.44,heavy intensity rain
132,Tiarei,PF,-17.5333,-149.3333,87.8,66,75,17.27,broken clouds
133,Tarbert,GB,55.8628,-5.4162,45.0,93,75,8.05,broken clouds
134,Urusha,RU,54.05,122.9,16.74,87,34,11.81,scattered clouds
135,Imeni Poliny Osipenko,RU,52.4201,136.4853,17.98,97,100,4.05,light snow
136,Zakamensk,RU,50.3741,103.2863,15.87,86,3,2.44,clear sky
137,Cabra,ES,37.4725,-4.4421,48.99,82,14,0.87,few clouds
138,Canton,CN,23.1167,113.25,69.01,82,90,2.24,overcast clouds
139,Arraial Do Cabo,BR,-22.9661,-42.0278,76.21,83,100,9.8,overcast clouds
140,Ugoofaaru,MV,5.6667,73.0,83.48,72,22,8.48,few clouds
141,Karratha,AU,-20.7377,116.8463,82.47,68,0,9.51,clear sky
142,Kurduvadi,IN,18.0833,75.4333,72.37,26,0,5.39,clear sky
143,Longyearbyen,SJ,78.2186,15.6401,21.2,58,40,9.22,scattered clouds
144,Nianzishan,CN,47.5167,122.8833,28.56,67,0,26.31,clear sky
145,Port Hedland,AU,-20.3167,118.5667,80.6,83,0,11.5,clear sky
146,Inirida,CO,3.8653,-67.9239,75.83,95,96,2.57,overcast clouds
147,Vila Velha,BR,-20.3297,-40.2925,82.99,94,75,4.61,heavy intensity rain
148,Coahuayana,MX,18.7333,-103.6833,82.4,51,40,11.5,scattered clouds
149,Georgetown,MY,5.4112,100.3354,79.0,83,20,2.3,few clouds
150,Asyut,EG,27.181,31.1837,57.2,67,0,5.75,clear sky
151,Mackay,AU,-21.15,149.2,82.99,65,82,5.75,broken clouds
152,Coihaique,CL,-45.5752,-72.0662,53.6,62,40,10.36,scattered clouds
153,Smoljan,ME,43.0924,19.2286,26.62,97,99,2.51,overcast clouds
154,Christchurch,NZ,-43.5333,172.6333,68.0,45,90,12.66,overcast clouds
155,Gonc,HU,48.4667,21.2833,28.0,74,0,6.91,clear sky
156,Kavieng,PG,-2.5744,150.7967,83.46,76,94,12.37,overcast clouds
157,Korcula,HR,42.9622,17.1369,44.6,70,0,1.14,clear sky
158,Sao Filipe,CV,14.8961,-24.4956,69.37,77,12,11.54,few clouds
159,Dunmore Town,BS,25.5,-76.65,69.55,70,24,26.31,few clouds
160,Margate,GB,51.3813,1.3862,41.0,71,99,1.99,overcast clouds
161,Tuatapere,NZ,-46.1333,167.6833,64.0,64,78,5.01,moderate rain
162,Hualmay,PE,-11.0964,-77.6139,73.08,80,100,4.14,overcast clouds
163,Wageningen,NL,51.9667,5.6667,39.99,93,75,10.36,light rain
164,Los Llanos De Aridane,ES,28.6585,-17.9182,64.4,77,75,14.97,broken clouds
165,Sept-Iles,CA,50.2001,-66.3821,25.0,86,20,4.61,few clouds
166,Ormara,PK,25.2088,64.6357,68.13,74,0,5.12,clear sky
167,Jorochito,BO,-18.05,-63.4333,75.2,94,75,8.05,broken clouds
168,Dikson,RU,73.5069,80.5464,-17.01,90,100,2.17,overcast clouds
169,Comodoro Rivadavia,AR,-45.8667,-67.5,69.8,49,0,4.61,clear sky
170,Camacha,PT,33.0833,-16.3333,57.2,72,40,10.36,scattered clouds
171,Makakilo City,US,21.3469,-158.0858,80.6,57,75,11.5,light rain
172,Severo-Kurilsk,RU,50.6789,156.125,21.81,91,97,19.08,light snow
173,Formosa,AR,-26.1775,-58.1781,82.4,61,0,8.05,clear sky
174,Teya,RU,60.3778,92.6267,8.91,90,77,12.77,broken clouds
175,Hobyo,SO,5.3505,48.5268,77.81,83,84,15.35,broken clouds
176,Pokhara,NP,28.2333,83.9833,61.18,32,0,6.02,clear sky
177,Souillac,MU,-20.5167,57.5167,77.0,88,40,3.44,scattered clouds
178,West Wendover,US,40.7391,-114.0733,64.4,12,1,20.71,clear sky
179,Show Low,US,34.2542,-110.0298,62.6,14,1,28.77,clear sky
180,Egvekinot,RU,66.3167,-179.1667,-13.63,91,100,5.75,overcast clouds
181,Kapasan,ID,-6.7773,111.3789,76.15,90,100,3.27,overcast clouds
182,Kolpny,RU,52.2282,37.0368,13.95,95,95,6.58,overcast clouds
183,Clyde River,CA,70.4692,-68.5914,-2.2,84,90,6.91,overcast clouds
184,Tomatlan,MX,19.9333,-105.25,84.54,38,3,10.31,clear sky
185,Corn Island,NI,12.1694,-83.0418,80.56,77,48,20.65,scattered clouds
186,Harper,LR,4.375,-7.7169,79.45,87,78,7.78,light rain
187,Iqaluit,CA,63.7506,-68.5145,12.2,79,75,11.5,snow
188,Mtsensk,RU,53.2766,36.5733,8.26,95,53,5.73,broken clouds
189,Grindavik,IS,63.8424,-22.4338,35.6,87,75,5.75,broken clouds
190,Hofn,IS,64.2539,-15.2082,39.81,69,100,10.94,overcast clouds
191,Karaton,ID,-6.3424,106.1045,82.0,88,20,3.44,haze
192,Airai,TL,-8.9266,125.4092,66.52,97,100,1.48,overcast clouds
193,Nioro,GM,13.35,-15.75,76.66,28,0,12.33,clear sky
194,Duki,PK,30.1541,68.5728,53.29,35,0,2.73,clear sky
195,Ryotsu,JP,38.0833,138.4333,37.4,70,20,3.44,few clouds
196,Kouango,CF,4.9934,19.9619,73.65,67,29,4.5,scattered clouds
197,Vestmannaeyjar,IS,63.4427,-20.2734,41.31,67,100,7.09,overcast clouds
198,Rumonge,BI,-3.9736,29.4386,71.51,71,100,3.0,overcast clouds
199,Fort Nelson,CA,58.8053,-122.7002,19.4,68,90,6.91,overcast clouds
200,Boa Vista,BR,2.8197,-60.6733,86.0,54,40,12.66,scattered clouds
201,High Rock,BS,26.6208,-78.2833,66.2,68,75,18.41,broken clouds
202,Nieves,PH,15.3274,120.9485,78.8,69,75,4.61,broken clouds
203,Milkovo,RU,54.7167,158.6167,6.84,86,1,4.41,clear sky
204,Lavrentiya,RU,65.5833,-171.0,13.91,90,70,8.97,broken clouds
205,Turukhansk,RU,65.8167,87.9833,8.78,95,100,14.29,light snow
206,Kraslava,LV,55.8951,27.168,16.86,96,73,4.29,broken clouds
207,Chernyshevskiy,RU,63.0128,112.4714,-1.5,94,99,5.73,overcast clouds
208,Birjand,IR,32.8663,59.2211,51.8,22,0,20.71,clear sky
209,Constitucion,CL,-35.3333,-72.4167,61.47,59,0,12.01,clear sky
210,Tutoia,BR,-2.7619,-42.2744,80.35,83,100,12.01,light rain
211,Lompoc,US,34.6391,-120.4579,57.2,47,1,14.97,clear sky
212,Victoria,HK,22.2855,114.1577,68.0,81,73,13.78,broken clouds
213,Coquimbo,CL,-29.9533,-71.3436,62.6,94,20,8.05,few clouds
214,Port Elizabeth,ZA,-33.918,25.5701,60.8,82,0,4.61,clear sky
215,Bandarbeyla,SO,9.4942,50.8122,76.1,79,74,10.4,broken clouds
216,Sabha,LY,27.0377,14.4283,73.89,20,88,11.5,overcast clouds
217,Solenzo,BF,12.1833,-4.0833,86.0,39,20,4.74,few clouds
218,Luderitz,NA,-26.6481,15.1594,63.55,71,6,8.25,clear sky
219,East London,ZA,-33.0153,27.9116,68.07,68,100,8.63,overcast clouds
220,Anda,CN,46.4,125.3167,32.5,84,25,22.64,scattered clouds
221,Eyl,SO,7.9803,49.8164,74.21,85,78,10.71,broken clouds
222,Tibiri,NE,13.5627,7.0485,78.94,14,7,9.24,clear sky
223,Flinders,AU,-34.5833,150.8552,79.0,70,7,8.01,clear sky
224,Bilibino,RU,68.0546,166.4372,-21.21,81,100,6.46,overcast clouds
225,Mae Ramat,TH,16.984,98.5166,66.2,82,0,1.07,clear sky
226,Aklavik,CA,68.2191,-135.0107,3.2,60,0,9.22,clear sky
227,Altamira,BR,-3.2033,-52.2064,73.67,96,95,3.76,overcast clouds
228,Dunedin,NZ,-45.8742,170.5036,60.01,71,65,17.0,broken clouds
229,San Jose,US,37.3394,-121.895,59.0,41,75,12.66,broken clouds
230,Hithadhoo,MV,-0.6,73.0833,83.55,62,12,3.94,few clouds
231,Hervey Bay,AU,-25.2986,152.8535,86.0,51,0,9.22,clear sky
232,Ocho Rios,JM,18.4025,-77.1048,78.01,83,39,5.99,light rain
233,Menongue,AO,-14.6585,17.691,65.19,63,60,0.81,broken clouds
234,Oranjemund,NA,-28.55,16.4333,61.32,71,50,5.03,scattered clouds
235,Waddan,LY,29.1614,16.139,72.07,20,98,9.37,overcast clouds
236,Richards Bay,ZA,-28.783,32.0377,76.59,86,80,15.32,broken clouds
237,Zyryanka,RU,65.75,150.85,-12.24,82,96,11.36,overcast clouds
238,Renqiu,CN,38.6989,116.0936,44.01,62,8,2.35,clear sky
239,Nome,US,64.5011,-165.4064,30.0,86,75,6.91,broken clouds
240,Kathu,TH,7.9178,98.3332,77.0,73,20,3.44,few clouds
241,Bihoro,JP,43.8228,144.1044,19.0,79,20,5.75,few clouds
242,Chapais,CA,49.7834,-74.8492,21.2,93,90,9.22,light snow
243,Yeppoon,AU,-23.1333,150.7333,80.6,61,40,3.44,scattered clouds
244,Saint-Georges,GD,12.0564,-61.7485,78.8,78,20,10.36,few clouds
245,Ofaqim,IL,31.3141,34.6203,54.0,81,0,2.62,clear sky
246,Inuvik,CA,68.3499,-133.7218,3.2,60,0,9.22,clear sky
247,Victor Harbor,AU,-35.5667,138.6167,64.0,79,91,8.16,overcast clouds
248,Hay River,CA,60.8156,-115.7999,8.6,52,80,3.44,broken clouds
249,Sakaraha,MG,-22.9,44.5333,67.5,87,0,1.05,clear sky
250,Upernavik,GL,72.7868,-56.1549,-1.73,83,96,8.9,overcast clouds
251,Cayenne,GF,4.9333,-52.3333,80.01,89,75,10.36,broken clouds
252,Northam,GB,51.0333,-4.2167,37.99,93,13,3.0,few clouds
253,Swamimalai,IN,10.95,79.3333,72.93,95,13,5.59,few clouds
254,Marawi,PH,7.9986,124.2928,78.01,83,77,4.0,broken clouds
255,Acari,PE,-15.4311,-74.6158,77.07,63,96,4.76,overcast clouds
256,Kuzhithurai,IN,8.3167,77.1833,82.4,83,75,3.18,mist
257,Dwarka,IN,22.2394,68.9678,73.87,87,0,5.93,clear sky
258,San Quintin,MX,30.4833,-115.95,58.44,67,95,15.37,overcast clouds
259,Lakselv,NO,70.0513,24.9718,-5.8,77,54,3.44,broken clouds
260,Zatoka,UA,46.0725,30.4654,35.6,55,90,8.95,overcast clouds
261,Tacoronte,ES,28.4769,-16.4102,63.0,100,33,18.41,mist
262,Sosnovo-Ozerskoye,RU,52.5249,111.5418,6.78,94,95,3.62,overcast clouds
263,Fortuna,US,40.5982,-124.1573,50.0,87,75,10.36,broken clouds
264,Chingola,ZM,-12.529,27.8838,61.92,100,98,3.36,light rain
265,Buala,SB,-8.145,159.5921,85.87,62,21,4.0,few clouds
266,Soyo,AO,-6.1349,12.3689,79.65,86,60,5.82,broken clouds
267,Provideniya,RU,64.3833,-173.3,15.8,79,90,8.95,light snow
268,Codrington,AU,-38.2667,141.9667,60.57,64,88,11.65,overcast clouds
269,Kayan,MM,16.9056,96.5631,69.67,40,0,3.13,clear sky
270,Saskylakh,RU,71.9167,114.0833,-29.81,83,68,3.83,broken clouds
271,Thinadhoo,MV,0.5333,72.9333,83.25,65,12,3.0,moderate rain
272,Bow Island,CA,49.8668,-111.3684,44.6,26,99,4.61,overcast clouds
273,Tukan,RU,53.8409,57.4552,22.64,97,100,15.55,snow
274,Nishihara,JP,26.1842,127.7558,69.8,73,90,1.92,mist
275,Tuy Hoa,VN,13.0833,109.3,74.03,87,41,3.62,scattered clouds
276,Yaan,NG,7.3833,8.5667,82.17,67,2,12.44,clear sky
277,Vila Franca Do Campo,PT,37.7167,-25.4333,53.6,87,20,8.05,few clouds
278,Walvis Bay,NA,-22.9575,14.5053,57.2,88,0,6.91,clear sky
279,Rzhev,RU,56.2624,34.3282,3.79,94,74,5.68,broken clouds
280,Derazhnya,UA,49.2692,27.4338,24.91,94,0,5.86,clear sky
281,Isangel,VU,-19.55,169.2667,84.2,74,20,5.75,few clouds
282,Alpena,US,45.0617,-83.4327,44.6,61,1,4.61,clear sky
283,Areia Branca,BR,-4.9561,-37.1369,82.24,74,47,18.25,scattered clouds
284,Qinzhou,CN,21.95,108.6167,69.15,87,99,9.42,overcast clouds
285,Kearney,US,40.6995,-99.0815,64.4,39,1,20.71,clear sky
286,Mehamn,NO,71.0357,27.8492,16.39,93,59,1.97,light snow
287,Lasa,IT,46.6166,10.7002,39.99,80,0,4.61,clear sky
288,Tazovskiy,RU,67.4667,78.7,-17.68,88,97,11.9,overcast clouds
289,Rio Grande,BR,-32.035,-52.0986,71.01,88,92,7.0,moderate rain
290,Lorengau,PG,-2.0226,147.2712,83.79,69,100,8.14,light rain
291,Schweinfurt,DE,50.05,10.2333,30.0,91,84,2.51,broken clouds
292,Resistencia,AR,-27.4606,-58.9839,80.01,53,0,4.61,light rain
293,Rovnoye,RU,50.7765,46.0509,25.72,97,100,3.44,overcast clouds
294,Burnie,AU,-41.0667,145.9167,60.01,62,24,17.0,few clouds
295,Krasnyy,RU,54.5678,31.4333,7.99,96,37,6.38,scattered clouds
296,Palu,ID,-0.8917,119.8707,79.18,74,93,1.32,overcast clouds
297,Bubaque,GW,11.2833,-15.8333,77.79,67,0,17.22,clear sky
298,Xianshuigu,CN,38.985,117.3828,33.8,86,43,2.24,mist
299,Boshnyakovo,RU,49.6333,142.1667,24.75,93,57,11.01,broken clouds
300,Axim,GH,4.8699,-2.2405,80.74,85,92,8.72,overcast clouds
301,Heihe,CN,50.2441,127.4902,21.2,68,40,22.37,light snow
302,North Bend,US,43.4065,-124.2243,43.0,87,90,10.36,overcast clouds
303,Bud,US,39.447,-86.1758,62.6,41,20,8.05,few clouds
304,Geraldton,AU,-28.7667,114.6,84.2,42,54,10.36,broken clouds
305,Wattegama,LK,6.7989,81.4808,71.64,93,17,4.07,few clouds
306,Teguise,ES,29.0605,-13.564,62.6,67,40,10.36,scattered clouds
307,Tahta,EG,26.7693,31.5021,60.8,36,0,6.91,clear sky
308,Kidal,ML,18.4411,1.4078,78.76,17,0,10.33,clear sky
309,San Policarpo,PH,12.1791,125.5072,80.58,75,53,17.18,broken clouds
310,Gandajika,CD,-6.75,23.95,64.8,100,93,2.71,overcast clouds
311,Fort Walton Beach,US,30.4058,-86.6188,63.0,55,1,4.41,clear sky
312,Saint Anthony,US,45.0205,-93.218,53.6,43,1,10.36,clear sky
313,Beachwood,US,41.4645,-81.5087,60.8,35,75,10.36,broken clouds
314,Sobolevo,RU,54.4299,31.8996,7.09,95,16,6.89,few clouds
315,Westport,US,41.1415,-73.3579,39.2,28,1,5.75,clear sky
316,Tahara,JP,34.6667,137.2667,53.01,66,75,9.22,broken clouds
317,Vestmanna,FO,62.1564,-7.1664,42.8,100,90,11.5,overcast clouds
318,Torbay,CA,47.6666,-52.7314,25.0,68,75,3.44,broken clouds
319,Mazara Del Vallo,IT,37.6641,12.588,50.0,100,0,3.44,clear sky
320,Adigeni,GE,41.6819,42.6987,33.8,100,20,3.44,few clouds
321,Cap Malheureux,MU,-19.9842,57.6142,77.0,80,10,3.0,clear sky
322,Astana,KZ,51.1801,71.446,-2.2,84,0,6.71,clear sky
323,Ust-Tsilma,RU,65.441,52.1498,-28.98,85,49,3.53,scattered clouds
324,Fort-Shevchenko,KZ,44.5086,50.263,30.7,96,100,12.15,overcast clouds
325,Havre-Saint-Pierre,CA,50.2334,-63.5986,23.0,80,1,9.22,clear sky
326,Kodiak,US,57.79,-152.4072,42.8,56,1,11.5,clear sky
327,Marsa Matruh,EG,31.3525,27.2453,55.4,82,0,11.5,clear sky
328,Vila,PT,42.0304,-8.1588,39.99,81,0,10.0,clear sky
329,Port Macquarie,AU,-31.4333,152.9167,82.0,65,94,1.86,overcast clouds
330,Nova Olinda Do Norte,BR,-3.8881,-59.0942,76.86,94,98,0.87,moderate rain
331,Avera,US,33.194,-82.5271,55.4,33,1,4.61,clear sky
332,Gillette,US,44.2911,-105.5022,62.6,20,1,12.66,clear sky
333,Ondjiva,AO,-17.0667,15.7333,71.98,53,50,4.23,scattered clouds
334,Melfi,IT,40.9965,15.6514,44.01,99,100,1.66,overcast clouds
335,Satinka,RU,52.3792,41.6819,8.04,93,0,3.18,clear sky
336,Broken Hill,AU,-31.95,141.4333,69.8,56,61,13.8,broken clouds
337,Maningrida,AU,-12.0667,134.2667,84.63,74,98,3.42,overcast clouds
338,Owensboro,US,37.7742,-87.1133,60.8,47,1,6.91,clear sky
339,Mugur-Aksy,RU,50.35,90.5,13.01,82,75,5.84,broken clouds
340,Zelenets,RU,61.8849,50.7489,-11.2,84,40,8.95,light snow
341,Port Lincoln,AU,-34.7333,135.8667,64.71,71,16,14.83,few clouds
342,Najran,SA,17.4924,44.1277,66.2,32,0,2.24,clear sky
343,Komsomolskiy,UZ,40.4272,71.7189,44.6,61,99,4.61,overcast clouds
344,Belaya Gora,RU,68.5333,146.4167,-9.99,89,100,7.02,overcast clouds
345,Ancud,CL,-41.8697,-73.8203,55.0,71,0,4.61,clear sky
346,Shubarkuduk,KZ,49.1447,56.4872,16.5,92,35,11.86,scattered clouds
347,Ponta Delgada,PT,37.7333,-25.6667,53.6,87,20,8.05,few clouds
348,Cherskiy,RU,68.75,161.3,-15.41,88,100,10.42,overcast clouds
349,Kisesa,TZ,-3.0833,34.15,62.35,95,100,5.99,overcast clouds
350,Shimoda,JP,34.6667,138.95,48.2,81,75,21.85,broken clouds
351,Dubbo,AU,-32.25,148.6167,77.0,61,16,8.05,few clouds
352,Beyneu,KZ,45.3167,55.2,32.47,89,100,9.64,overcast clouds
353,Senneterre,CA,48.3835,-77.2328,23.0,63,90,9.22,light snow
354,Santa Rosalia,MX,27.3167,-112.2833,72.66,35,85,0.16,overcast clouds
355,Laguna,US,38.421,-121.4238,57.0,50,90,11.5,overcast clouds
356,Acapulco,MX,16.8634,-99.8901,82.4,74,90,8.05,overcast clouds
357,Mabaruma,GY,8.2,-59.7833,75.07,83,69,5.53,broken clouds
358,Bengkulu,ID,-3.8004,102.2655,75.45,75,99,3.87,overcast clouds
359,Caala,AO,-12.8525,15.5606,58.75,83,29,1.43,scattered clouds
360,Pasni,PK,25.2631,63.471,67.8,76,0,6.96,clear sky
361,Port Said,EG,31.2565,32.2841,60.8,77,0,6.91,clear sky
362,Tessalit,ML,20.1986,1.0114,73.78,20,5,9.1,clear sky
363,Acarau,BR,-2.8856,-40.12,79.32,83,95,10.33,overcast clouds
364,Teknaf,BD,20.8624,92.3058,67.82,86,5,3.56,clear sky
365,Guadalupe,MX,25.6833,-100.25,66.2,72,90,3.44,overcast clouds
366,Vrangel,RU,42.7297,133.0839,35.13,88,71,8.57,broken clouds
367,Nortelandia,BR,-14.4547,-56.8028,71.91,93,88,4.21,overcast clouds
368,Port Hardy,CA,50.6996,-127.4199,44.6,70,90,5.75,overcast clouds
369,Tautira,PF,-17.7333,-149.15,87.8,66,75,17.27,broken clouds
370,Touros,BR,-5.1989,-35.4608,78.8,83,40,4.61,scattered clouds
371,Chantilly,US,38.8943,-77.4311,46.99,35,14,4.59,few clouds
372,Caxito,AO,-8.5785,13.6643,80.6,83,75,4.61,broken clouds
373,Saint-Pierre,RE,-21.3393,55.4781,77.0,69,0,8.05,clear sky
374,Sun Valley,US,39.5963,-119.776,43.0,26,20,16.11,few clouds
375,Venice,US,27.0998,-82.4543,66.99,48,40,8.05,scattered clouds
376,Peniche,PT,39.3558,-9.3811,53.01,82,6,5.01,clear sky
377,Salto Del Guaira,PY,-24.0625,-54.3069,72.82,61,0,3.44,clear sky
378,Leningradskiy,RU,69.3833,178.4167,-11.61,86,100,2.37,overcast clouds
379,Talnakh,RU,69.4865,88.3972,-11.04,87,96,4.59,overcast clouds
380,Sokoni,TZ,-6.4333,39.55,80.6,83,75,5.75,broken clouds
381,Nieuw Amsterdam,SR,5.8833,-55.0833,77.0,88,40,5.75,scattered clouds
382,Qaqortoq,GL,60.7167,-46.0333,28.4,69,75,0.6,broken clouds
383,Kulgam,IN,33.65,75.0167,42.53,65,1,2.57,clear sky
384,Nizhniy Kuranakh,RU,58.8353,125.4869,11.79,93,100,10.58,light snow
385,Poum,NC,-20.2333,164.0167,80.15,72,0,13.04,clear sky
386,Seoul,KR,37.5683,126.9778,35.6,86,0,0.22,clear sky
387,Chippewa Falls,US,44.9369,-91.3929,51.8,35,1,0.83,clear sky
388,Thunder Bay,CA,48.4001,-89.3168,48.2,37,20,6.91,few clouds
389,Termiz,UZ,37.2242,67.2783,48.2,76,0,9.22,clear sky
390,Potanino,RU,55.1786,61.6222,14.0,85,40,6.71,scattered clouds
391,Batemans Bay,AU,-35.7167,150.1833,75.0,64,32,1.99,scattered clouds
392,New Bern,US,35.1085,-77.0441,48.0,42,1,1.57,clear sky
393,Balabac,PH,7.9868,117.0645,81.99,75,100,14.79,overcast clouds
394,Langfang,CN,39.5097,116.6947,43.0,74,0,2.89,clear sky
395,Bria,CF,6.5423,21.9863,73.44,54,0,2.89,clear sky
396,Candolim,IN,15.5181,73.7626,78.8,94,0,5.75,mist
397,Aosta,IT,45.7667,7.4167,41.0,76,66,1.66,broken clouds
398,Nanortalik,GL,60.1432,-45.2371,27.93,96,100,13.69,overcast clouds
399,Anzio,IT,41.4853,12.6179,52.0,92,100,5.01,light rain
400,Deming,US,32.2687,-107.7586,77.0,9,20,11.5,few clouds
401,Bauchi,NG,10.5,10.0,73.72,18,0,2.93,clear sky
402,Boueni,YT,-12.9025,45.0761,78.8,89,0,5.75,light rain
403,Krasnoselkup,RU,65.7,82.4667,-4.16,91,100,13.38,overcast clouds
404,Esso,RU,55.9333,158.7,0.32,81,54,4.03,broken clouds
405,Fairbanks,US,64.8378,-147.7164,33.01,59,1,6.91,clear sky
406,Puerto Escondido,MX,15.85,-97.0667,80.6,74,90,5.75,overcast clouds
407,Emborion,GR,40.4833,21.55,41.0,75,79,4.61,broken clouds
408,Turkistan,KZ,43.0,68.0,42.71,76,0,10.07,clear sky
409,Clearwater,US,27.9659,-82.8001,66.99,45,18,5.75,few clouds
410,Vilcun,CL,-38.65,-72.2333,60.8,72,0,4.61,clear sky
411,Banda Aceh,ID,5.5577,95.3222,77.74,82,18,10.96,few clouds
412,Ambilobe,MG,-13.2,49.05,73.94,96,93,2.86,moderate rain
413,Mega,ET,4.05,38.3,58.05,55,0,4.0,clear sky
414,Kondinskoye,RU,59.6481,67.41,8.08,95,100,7.43,light snow
415,Chimore,BO,-16.9833,-65.1333,76.8,80,92,3.98,overcast clouds
416,Ouesso,CG,1.6136,16.0517,71.06,87,80,2.71,light rain
417,Tommot,RU,58.9564,126.2925,14.41,94,100,11.59,light snow
418,Gloversville,US,43.0528,-74.3438,30.99,50,90,1.54,overcast clouds
419,Simao,CN,22.7886,100.9748,53.8,46,0,1.1,clear sky
420,Kailua,US,21.4022,-157.7394,78.8,73,90,17.27,moderate rain
421,Bhum,IN,18.4667,75.6667,73.4,30,0,8.88,clear sky
422,Whitehorse,CA,60.7161,-135.0538,19.99,49,20,4.61,few clouds
423,Mana,GF,5.6592,-53.7767,77.43,85,89,13.35,overcast clouds
424,Novopokrovka,UA,49.8425,36.5477,26.6,93,75,6.71,light snow
425,Kirakira,SB,-10.4544,161.9205,85.28,64,89,4.29,overcast clouds
426,La Ronge,CA,55.1001,-105.2842,26.6,36,0,11.5,clear sky
427,Port-Gentil,GA,-0.7193,8.7815,80.6,89,20,4.61,few clouds
428,Hamilton,US,39.1834,-84.5333,57.2,41,1,8.05,clear sky
429,Ilulissat,GL,69.2167,-51.1,17.6,73,90,3.44,overcast clouds
430,Zhigansk,RU,66.7697,123.3711,-7.04,91,99,9.04,overcast clouds
431,Jijiga,ET,9.35,42.8,53.35,71,0,2.17,clear sky
432,Te Anau,NZ,-45.4167,167.7167,61.63,54,98,6.67,overcast clouds
433,Pangnirtung,CA,66.1451,-65.7125,-2.2,78,75,6.91,broken clouds
434,Svetlogorsk,BY,52.6333,29.7333,17.56,96,84,5.93,broken clouds
435,Kalmunai,LK,7.4167,81.8167,77.79,78,30,5.41,scattered clouds
436,Atar,MR,20.5169,-13.0499,64.98,34,0,9.93,clear sky
437,Mount Isa,AU,-20.7333,139.5,86.0,54,45,12.66,scattered clouds
438,Nynashamn,SE,58.9034,17.9479,28.0,60,100,1.99,overcast clouds
439,Solnechnyy,RU,50.7214,136.6319,16.65,94,100,8.32,overcast clouds
440,Sorland,NO,67.667,12.6934,35.71,81,62,3.47,broken clouds
441,Itoman,JP,26.1247,127.6694,69.8,88,75,2.3,broken clouds
442,Suhbaatar,MN,50.2314,106.2078,15.28,92,0,2.01,clear sky
443,Harnosand,SE,62.6323,17.9379,28.99,80,75,3.44,broken clouds
444,Socorro,US,31.6546,-106.3033,78.8,13,75,11.5,broken clouds
445,Cabedelo,BR,-6.9811,-34.8339,78.8,89,40,4.61,scattered clouds
446,Gorele,TR,41.0308,39.0031,39.2,75,0,4.61,clear sky
447,Kamenka,RU,51.3223,42.7678,19.0,94,73,2.93,broken clouds
448,Sampit,ID,-2.5333,112.95,74.7,96,97,0.98,overcast clouds
449,Cuamba,MZ,-14.8031,36.5372,66.07,93,100,1.63,overcast clouds
450,Kopong,BW,-24.4833,25.8833,73.81,39,36,4.54,scattered clouds
451,Alenquer,BR,-1.9417,-54.7383,78.8,89,0,2.3,clear sky
452,Marrakesh,MA,31.6315,-8.0083,53.6,87,75,9.22,broken clouds
453,Kiama,AU,-34.6833,150.8667,79.0,75,16,1.01,few clouds
454,Samarai,PG,-10.6167,150.6667,83.03,73,49,9.64,scattered clouds
455,Atyrau,KZ,47.1167,51.8833,32.0,80,40,8.95,mist
456,Angoche,MZ,-16.2325,39.9086,75.22,78,98,1.86,overcast clouds
457,Berlevag,NO,70.8578,29.0864,19.99,90,66,3.49,light snow
458,Sanming,CN,26.2486,117.6186,60.24,85,91,2.08,overcast clouds
459,Klaksvik,FO,62.2266,-6.589,42.8,100,90,11.5,overcast clouds
460,Vao,NC,-22.6667,167.4833,74.95,73,0,15.14,clear sky
461,Umm Lajj,SA,25.0213,37.2685,73.42,58,6,8.41,clear sky
462,Lysyye Gory,RU,51.5506,44.8414,12.31,94,95,2.73,overcast clouds
463,Yulara,AU,-25.2406,130.9889,75.2,43,0,12.66,clear sky
464,Zaykovo,RU,57.5613,62.7568,15.48,94,46,9.93,scattered clouds
465,Shache,CN,38.4167,77.2406,43.45,56,72,0.27,broken clouds
466,Monrovia,LR,6.3005,-10.7969,77.0,94,40,6.85,scattered clouds
467,Barranca,PE,-10.75,-77.7667,72.48,78,70,2.64,broken clouds
468,Nenjiang,CN,49.1833,125.2167,22.21,93,36,21.23,scattered clouds
469,Deputatskiy,RU,69.3,139.9,-18.04,87,75,7.87,broken clouds
470,Gornyy,RU,55.1153,83.9059,12.0,81,100,5.01,overcast clouds
471,Larkollen,NO,59.3339,10.6656,30.0,74,99,8.05,overcast clouds
472,Ukiah,US,39.1502,-123.2078,48.2,71,75,11.5,broken clouds
473,Salme,NP,28.0369,85.0942,51.8,87,20,3.44,mist
474,Isnos,CO,1.9356,-76.2406,58.21,89,100,2.51,overcast clouds
475,Carballo,ES,43.213,-8.691,48.2,71,75,8.05,broken clouds
476,Mezen,RU,65.8522,44.24,-26.1,86,5,3.98,clear sky
477,Kerchevskiy,RU,59.946,56.2884,4.6,95,97,5.44,overcast clouds
478,Aswan,EG,24.0934,32.907,64.78,27,0,8.52,clear sky
479,Hampton,US,37.0299,-76.3452,48.99,49,1,4.61,clear sky
480,Rosita,NI,13.9268,-84.4032,73.27,90,24,4.25,few clouds
481,Ust-Karsk,RU,52.7011,118.8077,7.25,87,7,3.09,clear sky
482,Morondava,MG,-20.2833,44.2833,76.23,78,0,3.04,clear sky
483,Koygorodok,RU,60.445,50.9968,-3.78,91,99,7.74,overcast clouds
484,Pekan,MY,3.4836,103.3996,71.6,88,20,6.33,few clouds
485,Hasaki,JP,35.7333,140.8333,46.4,76,75,12.66,broken clouds
486,Stromness,GB,58.965,-3.296,42.8,87,90,18.41,overcast clouds
487,Gushikawa,JP,26.3544,127.8686,69.8,94,90,5.14,overcast clouds
488,Kimbe,PG,-5.5502,150.1429,86.85,62,100,1.77,overcast clouds
489,Santa Rosa,PH,14.3122,121.1114,80.6,74,40,3.44,scattered clouds
490,Dzaoudzi,YT,-12.7887,45.2699,78.8,89,0,5.75,clear sky
491,Delvada,IN,20.7667,71.0333,73.87,43,0,7.4,clear sky
492,Mokrousovo,RU,55.8103,66.7653,18.73,96,100,16.15,overcast clouds
493,Taoudenni,ML,22.6783,-3.9836,70.07,23,0,8.1,clear sky
494,Hailar,CN,49.2,119.7,11.59,88,0,13.51,clear sky
495,Severo-Yeniseyskiy,RU,60.3725,93.0408,5.97,92,98,16.44,overcast clouds
496,San Gavino Monreale,IT,39.5514,8.7917,57.0,94,20,1.14,few clouds
497,Kutum,SD,14.2,24.6667,60.22,22,0,7.23,clear sky
498,Moron,AR,-34.6534,-58.6198,75.0,65,30,11.01,light rain
499,Pleasanton,US,37.6624,-121.8747,59.0,41,40,13.8,scattered clouds
500,Aasiaat,GL,68.7098,-52.8699,8.62,95,91,5.84,overcast clouds
501,Diffa,NE,13.3154,12.6113,73.62,18,2,8.1,clear sky
502,Namibe,AO,-15.1961,12.1522,75.67,72,63,4.47,broken clouds
503,Port Pirie,AU,-33.1833,138.0167,68.0,60,29,14.97,scattered clouds
504,Sao Felix Do Xingu,BR,-6.6447,-51.995,73.89,88,99,0.6,overcast clouds
505,Lata,PT,40.1629,-8.3327,54.0,81,0,5.99,clear sky
506,Auki,SB,-8.7676,160.7034,86.09,61,71,2.62,broken clouds
507,Maneromango,TZ,-7.1988,38.7848,80.6,83,75,5.75,broken clouds
508,Ryde,GB,50.73,-1.1621,41.0,79,29,7.25,scattered clouds
509,Playas,EC,-2.6333,-80.3833,78.4,83,98,9.53,moderate rain
510,Ahipara,NZ,-35.1667,173.1667,68.52,54,82,4.9,broken clouds
511,Cam Ranh,VN,11.9214,109.1591,75.2,83,20,4.61,few clouds
512,Cairns,AU,-16.9167,145.7667,84.2,65,55,5.75,broken clouds
513,Labuhan,ID,-6.8844,112.2051,78.08,83,96,7.02,overcast clouds
514,Kashi,CN,39.4547,75.9797,44.6,39,40,8.95,scattered clouds
515,Kigorobya,UG,1.6162,31.3089,70.32,68,69,5.68,broken clouds
516,West Mifflin,US,40.3634,-79.8664,50.0,29,1,8.05,clear sky
517,Humaita,BR,-7.5061,-63.0208,75.52,94,100,2.17,heavy intensity rain
518,Santa Maria,BR,-29.6842,-53.8069,73.4,78,0,2.3,clear sky
519,Boyolangu,ID,-8.1181,111.8935,76.53,84,86,2.95,overcast clouds
520,Half Moon Bay,US,37.4636,-122.4286,57.2,62,75,10.36,haze
521,Ngunguru,NZ,-35.6167,174.5,72.0,65,81,2.73,broken clouds
522,Maniitsoq,GL,65.4167,-52.9,17.62,94,97,6.42,overcast clouds
523,Saravena,CO,6.9538,-71.8752,78.21,65,79,0.72,broken clouds
524,Taltal,CL,-25.4,-70.4833,64.8,79,22,2.55,few clouds
525,Pascagoula,US,30.3658,-88.5561,62.6,55,1,4.61,clear sky
526,Sinnamary,GF,5.3833,-52.95,78.01,85,89,12.24,overcast clouds
527,Novobessergenevka,RU,47.1847,38.8462,35.01,93,100,15.99,overcast clouds
528,Katobu,ID,-4.9408,122.5276,79.12,87,14,3.62,light rain
529,Perry,US,37.2506,-83.1999,57.2,19,1,4.61,clear sky
530,Kysyl-Syr,RU,63.8986,122.7617,-4.86,91,84,2.91,broken clouds
531,Salinopolis,BR,-0.6136,-47.3561,77.79,89,100,11.36,light rain
532,Sala,MA,34.0389,-6.8166,57.99,94,75,7.02,broken clouds
533,Roswell,US,34.0232,-84.3616,62.01,18,1,3.44,clear sky
534,Kerema,PG,-7.9631,145.7785,83.59,66,79,1.7,broken clouds
535,Avon Park,US,27.5959,-81.5062,64.0,71,54,10.0,broken clouds
536,Ust-Barguzin,RU,53.45,108.9833,5.36,90,58,5.82,broken clouds
537,Agadir,MA,30.4202,-9.5982,57.2,82,20,11.5,few clouds
538,Saint George,US,37.1041,-113.5841,75.2,7,1,27.63,clear sky
539,Puerto Penasco,MX,31.3167,-113.5333,63.0,86,52,5.01,broken clouds
540,Porto Walter,BR,-8.2686,-72.7439,79.63,78,69,2.98,broken clouds
541,Mujiayingzi,CN,42.1167,118.7833,38.16,73,0,5.73,clear sky
542,Batagay,RU,67.6333,134.6333,-12.82,88,97,1.43,overcast clouds
543,Sakakah,SA,29.9697,40.2064,51.8,46,0,4.61,clear sky
544,Griffith,US,41.5284,-87.4237,60.8,47,1,5.75,clear sky
545,Okhotsk,RU,59.3833,143.3,-6.88,81,1,8.03,clear sky
546,Shihezi,CN,44.3,86.0333,31.26,89,98,5.53,overcast clouds
547,Ust-Omchug,RU,61.15,149.6333,-16.46,75,0,1.5,clear sky
548,Ulaangom,MN,49.9811,92.0667,5.5,89,100,2.98,overcast clouds
549,Lamar,US,33.6668,-95.5836,64.4,29,1,9.22,clear sky
550,Andenes,NO,69.3143,16.1194,25.0,74,24,11.5,few clouds
551,Camacupa,AO,-12.0167,17.4833,60.48,94,66,2.82,light rain
552,Nantucket,US,41.2835,-70.0995,28.99,84,68,7.05,broken clouds
553,Sinjai,ID,-5.1241,120.253,79.16,76,30,1.72,scattered clouds
554,Mangualde,PT,40.6043,-7.7612,45.0,78,3,3.0,clear sky
555,Zhongshu,CN,24.5167,103.7667,50.27,84,8,2.95,clear sky
556,Vadlapudi,IN,14.3167,79.8,70.38,94,0,4.9,clear sky
557,Ixtapa,MX,20.7,-105.2,77.0,78,1,12.66,clear sky
558,Cockburn Town,TC,21.4612,-71.1419,75.2,60,40,17.27,scattered clouds
559,Tarakan,ID,3.3,117.6333,76.75,87,100,5.79,overcast clouds
560,Guadalupe Y Calvo,MX,26.1,-106.9667,63.23,28,98,6.51,overcast clouds
561,Florianopolis,BR,-27.6146,-48.5012,78.8,78,75,4.61,broken clouds
562,Nacala,MZ,-14.5428,40.6728,72.97,94,91,5.91,light rain
563,Mandalgovi,MN,45.7625,106.2708,27.66,77,99,8.41,overcast clouds
564,Lerwick,GB,60.1545,-1.1494,42.8,81,90,10.36,overcast clouds
565,Jos,NG,9.9167,8.9,68.2,24,7,2.04,clear sky
566,Buraydah,SA,26.326,43.975,69.8,37,40,20.71,scattered clouds
567,Songea,TZ,-10.6833,35.65,63.01,99,100,1.5,overcast clouds
568,Valparaiso,CL,-33.0393,-71.6273,62.01,100,90,6.91,fog
569,Honiara,SB,-9.4333,159.95,86.9,62,64,3.44,broken clouds
570,Muswellbrook,AU,-32.2667,150.9,82.0,46,68,11.01,broken clouds
571,Peddapuram,IN,17.0833,82.1333,68.49,90,0,3.27,clear sky
572,Kampene,CD,-3.6,26.6667,65.59,93,100,1.72,overcast clouds
573,Mount Gambier,AU,-37.8333,140.7667,62.6,77,59,12.66,broken clouds
574,Kempsey,AU,-31.0833,152.8333,82.0,68,56,1.01,broken clouds
575,Seymchan,RU,62.8833,152.4333,-19.07,77,0,3.76,clear sky
576,Muslyumovo,RU,55.3033,53.1947,17.2,96,98,6.64,light snow
577,Smidovich,RU,48.6,133.8167,23.02,95,95,12.62,overcast clouds
578,Pernik,BG,42.6,23.0333,35.01,74,84,2.3,broken clouds
579,Purpe,RU,64.4803,76.6897,-19.62,87,87,13.09,overcast clouds
580,Adrar,MR,20.5022,-10.0711,63.05,32,0,9.13,clear sky
581,Praia Da Vitoria,PT,38.7333,-27.0667,57.99,94,75,2.98,light intensity drizzle
582,Dukat,RU,62.55,155.55,-14.28,80,1,2.77,clear sky
583,Muisne,EC,0.6,-80.0333,75.99,91,100,12.01,light rain
584,Santa Lucia,ES,27.9117,-15.5407,63.0,82,75,23.02,broken clouds
585,Jinchang,CN,38.4953,102.1739,35.58,75,19,2.04,few clouds
586,Colares,PT,38.7992,-9.4469,55.0,83,45,20.0,scattered clouds
587,Havre,FR,49.5833,0.3333,35.6,87,0,0.36,clear sky
588,Ondangwa,NA,-17.9167,15.95,74.07,48,18,9.22,few clouds
589,Sur,OM,22.5667,59.5289,71.58,61,0,7.54,clear sky
590,Mae Sai,TH,20.4335,99.8762,59.0,100,1,1.39,mist
591,Parrita,CR,9.5201,-84.3225,68.0,56,75,18.41,broken clouds
592,Phan Thiet,VN,10.9333,108.1,73.08,67,38,5.77,scattered clouds
593,Puerto Madero,MX,14.7208,-92.4215,84.2,61,40,4.61,scattered clouds
594,Manicore,BR,-5.8092,-61.3003,73.54,97,100,1.97,moderate rain
595,Stephenville,US,32.2207,-98.2023,64.4,52,40,9.22,scattered clouds
596,Aykhal,RU,66.0,111.5,-4.49,90,50,8.93,scattered clouds
597,Khilok,RU,51.3674,110.4676,13.96,93,32,4.47,scattered clouds
598,Lhokseumawe,ID,5.1801,97.1507,75.56,85,2,5.5,clear sky
599,Luang Prabang,LA,19.8856,102.1347,69.37,69,0,0.81,clear sky
600,Jardim,BR,-21.4803,-56.1381,71.04,57,0,2.64,clear sky
601,Gigmoto,PH,13.7796,124.39,79.65,76,39,14.14,scattered clouds
602,At-Bashi,KG,41.1702,75.8106,23.25,84,100,2.33,overcast clouds
603,Aranos,NA,-24.1333,19.1167,69.4,20,0,8.7,clear sky
604,Lashio,MM,22.9333,97.75,54.95,62,7,0.94,clear sky
605,Khandyga,RU,62.6667,135.6,-1.73,92,98,1.52,overcast clouds
606,Sao Mateus Do Sul,BR,-25.8742,-50.3828,63.52,96,36,1.68,scattered clouds
607,Osa,RU,57.2829,55.4567,8.51,95,96,3.78,overcast clouds
608,Sao Joao Da Barra,BR,-21.6403,-41.0511,75.43,88,100,2.66,overcast clouds
609,Veliki Preslav,BG,43.1667,26.8167,38.41,73,6,5.64,clear sky
610,Gat,IL,31.61,34.7642,54.0,92,0,2.55,clear sky
611,Kudat,MY,6.8837,116.8477,77.0,94,20,2.3,few clouds
612,Danville,US,36.586,-79.395,48.2,23,1,3.44,clear sky
613,Cervo,ES,43.6702,-7.4101,48.0,70,77,10.54,broken clouds
614,Celbridge,IE,53.3386,-6.5436,46.0,87,75,12.66,broken clouds
615,Ovsyanka,RU,55.9575,92.5519,30.2,86,75,17.9,snow
616,Santa Cruz,BO,-17.8,-63.1667,75.2,94,75,8.05,broken clouds
617,Quatre Cocos,MU,-20.2078,57.7625,77.0,88,40,3.44,scattered clouds
618,Skelleftea,SE,64.7507,20.9528,23.0,93,90,10.36,light snow
619,Jumla,NP,29.2747,82.1838,37.81,70,0,4.21,clear sky
620,Chernenko,RU,44.365,39.3103,32.07,95,72,8.72,broken clouds
621,Nago,JP,26.5881,127.9761,69.8,94,90,4.9,overcast clouds
622,Ilembula,TZ,-8.9,34.5833,60.1,96,100,0.92,overcast clouds
623,Kochi,IN,9.9399,76.2602,80.6,83,20,2.3,mist
624,Braunfels,DE,50.5155,8.3892,34.0,92,95,1.54,overcast clouds
625,Plast,RU,54.3691,60.8136,21.63,95,98,16.35,overcast clouds
626,Boali,CF,4.8005,18.1275,82.4,69,36,3.44,scattered clouds
627,Mnogovershinnyy,RU,53.9353,139.9242,13.51,95,100,2.33,overcast clouds
628,Belyy Yar,RU,53.6039,91.3903,32.0,74,0,13.42,clear sky
629,Korsor,DK,55.3299,11.1386,32.0,81,91,9.01,overcast clouds
630,Dali,CN,25.7,100.1833,44.13,78,1,3.96,clear sky
631,Algiers,DZ,36.7525,3.042,53.6,100,40,5.75,scattered clouds
632,Verkhnyachka,UA,48.8285,30.0396,23.41,95,5,7.18,clear sky
633,Victoria Point,AU,-27.5833,153.3,81.0,80,72,1.01,broken clouds
634,Bon Accord,CA,53.8335,-113.4187,32.0,80,75,6.91,light snow
635,Meulaboh,ID,4.1363,96.1285,74.95,85,2,4.27,clear sky
636,Caravelas,BR,-17.7125,-39.2481,76.12,88,54,5.68,broken clouds
637,Arawa,PG,-6.2132,155.5367,84.11,70,76,3.65,light rain
638,La Rioja,ES,42.25,-2.5,41.0,81,20,4.61,few clouds
639,Nacozari,MX,25.3366,-108.2574,77.0,51,65,3.0,broken clouds
640,San Patricio,US,28.017,-97.5169,66.99,72,75,16.11,broken clouds
641,Tumarbong,PH,10.3766,119.4579,81.43,74,11,12.01,few clouds
642,Bijie,CN,27.3125,105.2942,45.1,88,98,4.07,overcast clouds
643,Manokwari,ID,-0.8667,134.0833,78.01,78,100,2.55,overcast clouds
644,Grand Forks,US,47.9417,-97.4337,53.6,50,75,6.91,broken clouds
645,Dryden,CA,49.7833,-92.7503,46.4,36,1,10.36,clear sky
646,Sohag,EG,26.557,31.6948,60.8,36,0,6.91,clear sky
647,Salta,AR,-24.7859,-65.4117,71.6,78,75,3.44,broken clouds
648,Mariel,CU,22.9875,-82.7536,71.6,56,40,16.11,scattered clouds
649,Ostersund,SE,63.1792,14.6357,28.0,100,90,8.05,light snow
650,Bela Vista,BR,-22.1089,-56.5211,72.0,51,0,1.79,clear sky
651,Winnemucca,US,40.973,-117.7357,46.4,23,90,20.71,overcast clouds
652,Mackenzie,CA,55.2999,-123.1698,39.2,52,40,5.75,scattered clouds
653,Ternate,ID,0.8,127.4,81.45,77,77,7.76,broken clouds
654,Druzhba,UA,52.0428,33.9453,12.38,96,78,8.12,broken clouds
655,Svetlyy,RU,54.675,20.1347,28.4,64,75,6.71,broken clouds
656,Kununurra,AU,-15.7667,128.7333,80.6,89,81,2.3,broken clouds
657,Roma,US,43.2128,-75.4557,32.0,51,75,8.05,broken clouds
658,San Alberto,CO,7.7611,-73.3922,81.95,63,99,5.08,overcast clouds
659,Kedrovyy,RU,56.1667,91.8167,30.2,86,75,17.9,snow
660,Marzuq,YE,14.4,46.4667,55.71,35,0,4.07,clear sky
661,Petropavlovsk-Kamchatskiy,RU,53.0452,158.6483,5.0,56,0,11.18,clear sky
662,Ziro,IN,27.6333,93.8333,41.76,100,50,2.33,scattered clouds
663,Baker City,US,44.7749,-117.8344,35.6,80,90,6.91,snow
664,Doba,TD,8.65,16.85,78.48,19,0,3.49,clear sky
665,Huarmey,PE,-10.0681,-78.1522,73.92,78,80,6.08,broken clouds
666,Bartica,GY,6.4,-58.6167,77.0,88,40,6.91,scattered clouds
667,Abomey,BJ,7.1829,1.9912,79.12,77,67,9.95,broken clouds
668,Dabat,ET,12.9842,37.765,55.08,43,0,3.76,clear sky
669,Dutlwe,BW,-23.9833,23.9,72.75,43,16,9.37,few clouds
670,Abu Samrah,SY,35.3029,37.1841,49.87,83,88,12.82,overcast clouds
671,Huntsville,US,34.7304,-86.5861,62.6,22,1,1.39,clear sky
672,Bardiyah,LY,31.7561,25.0865,65.26,37,70,18.01,broken clouds
673,San Pedro,PH,14.35,121.0167,80.6,74,40,3.44,scattered clouds
674,Katherine,AU,-14.4667,132.2667,80.6,78,100,4.61,overcast clouds
675,Hokitika,NZ,-42.7167,170.9667,59.72,73,98,3.22,overcast clouds
676,Bay Roberts,CA,47.5999,-53.2648,28.0,72,98,1.01,overcast clouds
677,Mildura,AU,-34.2,142.15,68.0,52,53,6.91,broken clouds
678,Sola,VU,-13.8833,167.55,81.75,73,98,3.44,overcast clouds
679,Hearst,CA,49.6835,-83.6665,37.4,65,100,4.61,overcast clouds
680,Saint Paul,US,44.9444,-93.0933,53.6,43,1,5.75,clear sky
681,Ravar,IR,31.2656,56.8055,59.13,29,0,12.24,clear sky
682,Tabou,CI,4.423,-7.3528,78.71,89,70,7.72,broken clouds
683,Guiratinga,BR,-16.3494,-53.7583,70.77,90,100,2.75,overcast clouds
684,Ocos,GT,14.5094,-92.1933,86.0,61,40,4.61,scattered clouds
685,Pierre,US,44.3683,-100.351,64.0,39,1,16.11,clear sky
686,Bucsa,HU,47.2,21.0,35.6,48,0,10.36,clear sky
687,Nouakchott,MR,18.0858,-15.9785,66.2,82,0,16.11,clear sky
688,Okoneshnikovo,RU,54.8377,75.0834,4.89,92,52,13.65,broken clouds
689,Agirish,RU,61.9247,63.0231,-7.58,91,100,4.34,overcast clouds
690,Neiafu,TO,-18.65,-173.9833,82.4,65,40,8.05,scattered clouds
691,Nizwa,OM,22.9333,57.5333,64.54,40,0,2.86,clear sky
692,Nouadhibou,MR,20.931,-17.0347,62.98,82,0,26.51,clear sky
693,Wanning,CN,18.8003,110.3967,73.31,89,54,5.39,broken clouds
694,Mikropolis,GR,41.1935,23.8157,50.0,59,95,1.99,overcast clouds
695,Kemijarvi,FI,66.7131,27.4306,6.03,94,100,4.09,overcast clouds
696,Cayambe,EC,0.05,-78.1333,57.2,94,90,4.61,moderate rain
697,Viedma,AR,-40.8135,-62.9967,61.92,45,30,11.18,scattered clouds
698,Linping,CN,30.4225,120.2972,51.01,87,75,4.47,mist
699,Rosignol,GY,6.2833,-57.5333,77.07,82,97,8.63,overcast clouds
700,Yazykovo,RU,55.2199,56.1353,24.46,98,100,12.77,snow
701,Cozumel,MX,20.5083,-86.9458,75.99,64,40,4.61,scattered clouds
702,Kirksville,US,40.1948,-92.5833,60.8,41,1,8.05,clear sky
